{"lexical_diversity": {"1-gram": {"total": 25285, "unique": 3479, "unique_ratio": 0.13759145738580186, "entropy": 8.919174385873493, "normalized_entropy": 0.7581458637194154}, "2-gram": {"total": 15331, "unique": 10133, "unique_ratio": 0.6609484051920944, "entropy": 12.114292716665334, "normalized_entropy": 0.9103854134096463}, "3-gram": {"total": 7475, "unique": 7285, "unique_ratio": 0.974581939799331, "entropy": 12.807808072994534, "normalized_entropy": 0.998214816004486}, "4-gram": {"total": 4120, "unique": 4114, "unique_ratio": 0.9985436893203884, "entropy": 12.005516000712298, "normalized_entropy": 0.9999325290844728}, "5-gram": {"total": 2179, "unique": 2179, "unique_ratio": 1.0, "entropy": 11.089450481115984, "normalized_entropy": 1.0000000000000069}}, "semantic_diversity": {"total_mst_weight": 161.4395236122397, "average_edge_weight": 0.02605964868639866, "distinct_nodes": 6189, "distinct_ratio": 0.6189}, "sentiment_diversity": {"sentiment_by_rating": {"1.0": 0.23017241379310344, "2.0": 0.27897574123989216, "3.0": 0.5573940020682523, "4.0": 0.8324982104509664, "5.0": 0.9495812979762736}, "ideal_sentiment": {"1.0": 0.0, "2.0": 0.25, "3.0": 0.5, "4.0": 0.75, "5.0": 1.0}, "sentiment_alignment_score": 0.9101081860848119}}