{"lexical_diversity": {"1-gram": {"total": 134226, "unique": 9650, "unique_ratio": 0.07189367186685143, "entropy": 10.39833255790216, "normalized_entropy": 0.7855913032231338}, "2-gram": {"total": 124258, "unique": 86475, "unique_ratio": 0.6959310466931706, "entropy": 15.833125179570393, "normalized_entropy": 0.9654347277725205}, "3-gram": {"total": 114865, "unique": 110645, "unique_ratio": 0.9632612196926827, "entropy": 16.716364360662787, "normalized_entropy": 0.9976596229683476}, "4-gram": {"total": 106302, "unique": 105932, "unique_ratio": 0.9965193505296231, "entropy": 16.689976249411266, "normalized_entropy": 0.9998321016315638}, "5-gram": {"total": 98406, "unique": 98335, "unique_ratio": 0.9992784992784993, "entropy": 16.58470938856223, "normalized_entropy": 0.9999573123869746}}, "semantic_diversity": {"total_mst_weight": 37.690646312874705, "average_edge_weight": 0.003971198642174134, "distinct_nodes": 9487, "distinct_ratio": 0.9487}, "sentiment_diversity": {"sentiment_by_rating": {"1.0": 0.10948275862068965, "2.0": 0.13611859838274934, "3.0": 0.32298136645962733, "4.0": 0.6905444126074498, "5.0": 0.9255765199161425}, "ideal_sentiment": {"1.0": 0.0, "2.0": 0.25, "3.0": 0.5, "4.0": 0.75, "5.0": 1.0}, "sentiment_alignment_score": 0.8931476277490559}}